Key,Item Type,Publication Year,Author,Title,Publication Title,ISBN,ISSN,DOI,Url,Abstract Note,Date,Date Added,Date Modified,Access Date,Pages,Num Pages,Issue,Volume,Number Of Volumes,Journal Abbreviation,Short Title,Series,Series Number,Series Text,Series Title,Publisher,Place,Language,Rights,Type,Archive,Archive Location,Library Catalog,Call Number,Extra,Notes,File Attachments,Link Attachments,Manual Tags,Automatic Tags,Editor,Series Editor,Translator,Contributor,Attorney Agent,Book Author,Cast Member,Commenter,Composer,Cosponsor,Counsel,Interviewer,Producer,Recipient,Reviewed Author,Scriptwriter,Words By,Guest,Number,Edition,Running Time,Scale,Medium,Artwork Size,Filing Date,Application Number,Assignee,Issuing Authority,Country,Meeting Name,Conference Name,Court,References,Reporter,Legal Status,Priority Numbers,Programming Language,Version,System,Code,Code Number,Section,Session,Committee,History,Legislative Body
TQCICIWI,book,2004,"Simsion, Graeme",Data modeling essentials,,978-0-12-644551-0,,,http://shop.oreilly.com/product/9780126445510.do,"Data Modeling Essentials, Third Edition provides expert tutelage for data modelers, business analysts and systems designers at all levels. Beginning with the basics, this book provides a thorough grounding in theory before guiding the reader through the various stages of applied data modeling and database design. Later chapters address advanced subjects, including business rules, data warehousing, enterprise-wide modeling and data management. The third edition of this popular book retains its distinctive hallmarks of readability and usefulness, but has been given significantly expanded coverage and reorganized for greater reader comprehension. Authored by two leaders in the field, Data Modeling Essentials, Third Edition is the ideal reference for professionals and students looking for a real-world perspective.",2004,2025-11-07 11:50:12,2025-11-07 11:50:12,,,560,,,,,,,,,,Morgan Kaufmann,Amsterdam,en,,,,,,,,"Data Modeling Essentials, Third Edition, covers the basics of data modeling while focusing on developing a facility in techniques, rather than a simple familiarization with ""the rules"". In order to enable students to apply the basics of data modeling to real models, the book addresses the realities of developing systems in real-world situations by assessing the merits of a variety of possible solutions as well as using language and diagramming methods that represent industry practice. This revised edition has been given significantly expanded coverage and reorganized for greater reader comprehension even as it retains its distinctive hallmarks of readability and usefulness. Beginning with the basics, the book provides a thorough grounding in theory before guiding the reader through the various stages of applied data modeling and database design. Later chapters address advanced subjects, including business rules, data warehousing, enterprise-wide modeling and data management. It includes an entirely new section discussing the development of logical and physical modeling, along with new material describing a powerful technique for model verification. It also provides an excellent resource for additional lectures and exercises. This text is the ideal reference for data modelers, data architects, database designers, DBAs, and systems analysts, as well as undergraduate and graduate-level students looking for a real-world perspective. - Thorough coverage of the fundamentals and relevant theory - Recognition and support for the creative side of the process - Expanded coverage of applied data modeling includes new chapters on logical and physical database design - New material describing a powerful technique for model verification - Unique coverage of the practical and human aspects of modeling, such as working with business specialists, managing change, and resolving conflict

<div class=""comment"">
<p>This description was automatically added from 
<a href=""https://books.google.com/books?id=JK8VXK7QMNAC"">Google Books</a>. 
For a customized abstract or excerpt, add a note to the item in the 
<a href=""github.com/{{github}}/{{BASE_URL}}"">Zotero library</a></p>
</div>",,,,meta_GiveOverview; goal_Analysis; act_Modeling; goal_Interpretation,,,,,,,,,,,,,,,,,,,,3. ed.,,,,,,,,,,,,,,,,,,,,,,,,,,
NMXGPPLR,book,2008,,The Hyperlinked Society: Questioning Connections in the Digital Age,,,,,http://hdl.handle.net/2027/spo.5680986.0001.001,,2008,2025-11-07 11:50:12,2025-11-07 11:50:12,,,,,,,,The Hyperlinked Society,,,,,Univ. of Michigan Press,Ann Arbor,en,,,,,,,,"Investigates the multi-faceted nature of hyperlinks and their consequences for commerce, communication, and civic discourse in the world of digital media

<div class=""comment"">
<p>This description was automatically added from 
<a href=""https://books.google.com/books?id=JK8VXK7QMNAC"">Google Books</a>. 
For a customized abstract or excerpt, add a note to the item in the 
<a href=""github.com/{{github}}/{{BASE_URL}}"">Zotero library</a></p>
</div>",,,,X-CHECK,"Turow, Joseph; Tsui, Lokman",,,,,,,,,,,,,,,,,,,,,,,,,,,,,,,,,,,,,,,,,,,,,
KXXU4M9R,book,2009,"Willinsky, John",The Access Principle: The Case for Open Access to Research and Scholarship,,978-0-262-51266-4,,,http://mitpress.mit.edu/books/access-principle,"Questions about access to scholarship go back farther than recent debates over subscription prices, rights, and electronic archives suggest. The great libraries of the past—from the fabled collection at Alexandria to the early public libraries of nineteenth-century America—stood as arguments for increasing access. In The Access Principle, John Willinsky describes the latest chapter in this ongoing story—online open access publishing by scholarly journals—and makes a case for open access as a public good. A commitment to scholarly work, writes Willinsky, carries with it a responsibility to circulate that work as widely as possible: this is the access principle. In the digital age, that responsibility includes exploring new publishing technologies and economic models to improve access to scholarly work. Wide circulation adds value to published work; it is a significant aspect of its claim to be knowledge. The right to know and the right to be known are inextricably mixed. Open access, argues Willinsky, can benefit both a researcher-author working at the best-equipped lab at a leading research university and a teacher struggling to find resources in an impoverished high school. Willinsky describes different types of access—the New England Journal of Medicine, for example, grants open access to issues six months after initial publication, and First Monday forgoes a print edition and makes its contents immediately accessible at no cost. He discusses the contradictions of copyright law, the reading of research, and the economic viability of open access. He also considers broader themes of public access to knowledge, human rights issues, lessons from publishing history, and ""epistemological vanities."" The debate over open access, writes Willinsky, raises crucial questions about the place of scholarly work in a larger world—and about the future of knowledge.",2009-04-30,2025-11-07 11:50:12,2025-11-07 11:50:12,,,,,,,,The Access Principle,,,,,The MIT Press,,en,,,,,,,,"Questions about access to scholarship have always raged. The great libraries of the past stood as arguments for increasing access. John Willinsky describes the latest chapter in this ongoing story - online open access publishing by scholarly journals andmakes a case for open access as a public good.

<div class=""comment"">
<p>This description was automatically added from 
<a href=""https://books.google.com/books?id=JK8VXK7QMNAC"">Google Books</a>. 
For a customized abstract or excerpt, add a note to the item in the 
<a href=""github.com/{{github}}/{{BASE_URL}}"">Zotero library</a></p>
</div>",,,,,,,,,,,,,,,,,,,,,,,,1,,,,,,,,,,,,,,,,,,,,,,,,,,
C4IJB6VD,book,2007,"Turkel, William J.; MacEachern, Alan",The Programming Historian,,,,,http://niche-canada.org/member-projects/programming-historian/ch1.html,,2007,2025-11-07 11:50:12,2025-11-07 11:50:12,,,,,,,,,,,,,Network in Canadian History & Environment (NICHE),"London, Ontario",en,,,,,,,,"<div class=""comment"">
<p>This book needs an abstract or excerpt, and it doesn't have a Google Books description available to use. For a customized abstract or excerpt, add a note to the item in the 
<a href=""github.com/{{github}}/{{BASE_URL}}"">Zotero library</a></p>
</div>",,,,,,,,,,,,,,,,,,,,,,,,Online Edition,,,,,,,,,,,,,,,,,,,,,,,,,,
VM6LUTIT,book,1995,"Rommel, Thomas",And Trace it in this Poem Every Line. Methoden und Verfahren computerunterstuetzter Textanalyse am Beispiel von Lord Byrons Don Juan,,,,,,,1995,2025-11-07 11:50:12,2025-11-07 11:50:12,,,,,,,,,,,,,Tübingen: Gunter Narr 1995,,en,,,,,,,"Rommel, Thomas: And Trace it in this Poem Every Line. Methoden und Verfahren computerunterstuetzter Textanalyse am Beispiel von Lord Byrons Don Juan. Tübingen: Gunter Narr 1995.","

<div class=""comment"">
<p>This description was automatically added from 
<a href=""https://books.google.com/books?id=JK8VXK7QMNAC"">Google Books</a>. 
For a customized abstract or excerpt, add a note to the item in the 
<a href=""github.com/{{github}}/{{BASE_URL}}"">Zotero library</a></p>
</div>",,,,obj_Literature; AnalyzeQualitatively; meta_Theorizing,,,,,,,,,,,,,,,,,,,,,,,,,,,,,,,,,,,,,,,,,,,,,,
U4NHP8A9,book,2009,,Working Together or Apart: Promoting the Next Generation of Digital Scholarship,,978-1-932326-33-8,,,http://www.clir.org/pubs/reports/pub145/pub145.pdf,,2009,2025-11-07 11:50:12,2025-11-07 11:50:12,,,,,,,,,,,,,Council on Library and Information Resources (CLIR),"Washington, DC",en,,,,,,,Report of a Workshop Cosponsored by the Council on Library and Information Resources and The National Endowment for the Humanities,"<div class=""comment"">
<p>This book needs an abstract or excerpt, and it doesn't have a Google Books description available to use. For a customized abstract or excerpt, add a note to the item in the 
<a href=""github.com/{{github}}/{{BASE_URL}}"">Zotero library</a></p>
</div>",,,,obj_Infrastructures; meta_Assessing; meta_Advocating,,,,,,,,,,,,,,,,,,,,,,,,,,,,,,,,,,,,,,,,,,,,,,
32DMLIRT,book,1988,"Wanske, Helene",Musiknotation : von der Syntax des Notenstichs zum EDV-gesteuerten Notensatz,,978-3-7957-2886-1,,,http://www.amazon.de/Musiknotation-Syntax-Notenstichs-EDV-gesteuerten-Notensatz/dp/379572886X,,1988,2025-11-07 11:50:12,2025-11-07 11:50:12,,,459,,,,,,,,,,Schott,Mainz [u.a.],de,,,,,,,,"

<div class=""comment"">
<p>This description was automatically added from 
<a href=""https://books.google.com/books?id=JK8VXK7QMNAC"">Google Books</a>. 
For a customized abstract or excerpt, add a note to the item in the 
<a href=""github.com/{{github}}/{{BASE_URL}}"">Zotero library</a></p>
</div>",,,,act_Publishing; obj_Music; t_Encoding,,,,,,,,,,,,,,,,,,,,,,,,,,,,,,,,,,,,,,,,,,,,,,
65BWI79T,book,2010,,Scalability issues in authorship attribution.,,978-90-5487-823-0,,,,"This book is about authorship attribution, the task that aims to identify the author of a text, given a model of authorial style based on texts of known authorship. Computational authorship attribution does not rely on in-depth reading, but rather automates the process. This book investigates the behavior of a text categorization approach to the task when confronted with scalability issues. By addressing the issues of experimental design, data size, and author set size, the dissertation demonstrates whether the approach taken is valid in experiments with limited or sufficient data, and with small or large sets of authors. ""Scalability issues in authorship attribution"" provides the first in-depth and systematic study of the so-called scalability issues in authorship attribution. Above all, the book stresses the importance of methodology: even the smallest of decisions can significantly influence the outcome and reliability of an experiment.",2010,2025-11-07 11:50:12,2025-11-07 11:50:12,,,,,,,,,,,,,ASA Publishers,Brussel,en,,,,,,,,"Provides an in-depth and systematic study of the so-called scalability issues in authorship attribution -- the task that aims to identify the author of a text, given a model of authorial style based on texts of known authorship. Computational authorship attribution does not rely on in-depth reading, but rather automates the process. This book investigates the behavior of a text categorization approach to the task when confronted with scalability issues. By addressing the issues of experimental design, data size, and author set size, the dissertation demonstrates whether the approach taken is valid in experiments with limited or sufficient data, and with small or large sets of authors.

<div class=""comment"">
<p>This description was automatically added from 
<a href=""https://books.google.com/books?id=JK8VXK7QMNAC"">Google Books</a>. 
For a customized abstract or excerpt, add a note to the item in the 
<a href=""github.com/{{github}}/{{BASE_URL}}"">Zotero library</a></p>
</div>",,,,,,,,,,,,,,,,,,,,,,,,,,,,,,,,,,,,,,,,,,,,,,,,,,
L866AZ2S,book,2012,,"SAGW-Bulletin: Dossier ""Digital Humanities und Web 2.0""",,,,,http://www.sagw.ch/sagw/oeffentlichkeitsarbeit/bulletin.html,,2012-02,2025-11-07 11:50:12,2025-11-07 11:50:12,,,,,1,,,,,,,,SAGW-ASSH-ASSM,Bern,de,,,,,,,,"<div class=""comment"">
<p>This book needs an abstract or excerpt, and it doesn't have a Google Books description available to use. For a customized abstract or excerpt, add a note to the item in the 
<a href=""github.com/{{github}}/{{BASE_URL}}"">Zotero library</a></p>
</div>",,,,obj_DigitalHumanities; meta_Assessing,,,,,,,,,,,,,,,,,,,,,,,,,,,,,,,,,,,,,,,,,,,,,,
TJW8ME5I,book,2012,,Read/Write Book 2 : Une introduction aux humanités numériques,,,,,http://books.openedition.org/oep/226,"Qu’est-ce que les humanités numériques ? Apparue en 2006, l’expression connaît depuis un véritable succès. Mais au-delà du slogan à la mode, quelle est la réalité des pratiques qu’il désigne ? Si tout le monde s’accorde sur une définition minimale à l’intersection des technologies numériques et des sciences humaines et sociales, les vues divergent lorsqu’on entre dans le vif du sujet. Les humanités numériques représentent-elles une véritable révolution des pratiques de recherche et des paradigmes intellectuels qui les fondent ou, plus simplement, une optimisation des méthodes existantes ? Constituent-elles un champ suffisamment structuré pour justifier une réforme des modes de financement de la recherche, des cursus de formation, des critères d’évaluation ? L’archive numérique offre-t-elle à la recherche suffisamment de garanties ? Quelle place la recherche « dirigée par les données » laisse-t-elle à l’interprétation ? Telles sont quelques-unes des questions abordées par ce deuxième opus de la collection « Read/Write Book ». Ces dix-huit textes essentiels, rédigés ou traduits en français par des chercheurs de différentes nationalités, proposent une introduction aux humanités numériques accessible à tous ceux qui souhaitent en savoir plus sur ce domaine de recherche en constante évolution.",2012,2025-11-07 11:50:12,2025-11-07 11:50:12,2013-10-19 14:19:01,,,,,,,Read/Write Book 2,,,,,OpenEdition Press,,fr,"© OpenEdition Press, 2012 Conditions d'utilisation : http://www.openedition.org/6540",,,,,,,"Qu'est-ce que les humanités numériques? Apparue en 2006, l'expression connaît depuis un véritable succès. Mais au-delà du slogan à la mode, quelle est la réalité des pratiques qu'il désigne? Si tout le monde s'accorde sur une définition minimale à l'intersection des technologies numériques et des sciences humaines et sociales, les vues divergent lorsqu'on entre dans le vif du sujet. Les humanités numériques représentent-elles une véritable révolution des pratiques de recherche et des paradigmes intellectuels qui les fondent ou, plus simplement, une optimisation des méthodes existantes? Constituent-elles un champ suffisamment structuré pour justifier une réforme des modes de financement de la recherche, des cursus de formation, des critères d'évaluation? L'archive numérique offre-t-elle à la recherche suffisamment de garanties? Quelle place la recherche ""dirigée par les données"" laisse-t-elle à l'interprétation? Telles sont quelques-unes des questions abordées par ce deuxième opus de la collection ""Read/Write Book"". Ces dix-huit textes essentiels, rédigés ou traduits en français par des chercheurs de différentes nationalités, proposent une introduction aux humanités numériques accessible à tous ceux qui souhaitent en savoir plus sur ce domaine de recherche en constante évolution.

<div class=""comment"">
<p>This description was automatically added from 
<a href=""https://books.google.com/books?id=JK8VXK7QMNAC"">Google Books</a>. 
For a customized abstract or excerpt, add a note to the item in the 
<a href=""github.com/{{github}}/{{BASE_URL}}"">Zotero library</a></p>
</div>",,,,,"Mounier, Pierre",,,,,,,,,,,,,,,,,,,,,,,,,,,,,,,,,,,,,,,,,,,,,
PUCNAP35,book,2012,"Peer, Willie van; Hakemulder, Jèmeljan; Zyngier, Sonia",Scientific methods for the humanities,,978-90-272-3347-9 978-90-272-3348-6,,,https://benjamins.com/#catalog/books/lal.13/main,"Here is a much needed introductory textbook on empirical research methods for the Humanities. Especially aimed at students and scholars of Literature, Applied Linguistics, and Film and Media, it stimulates readers to reflect on the problems and possibilities of testing the empirical assumptions and offers hands-on learning opportunities to develop empirical studies. It explains a wide range of methods, from interviews to observation research, and guides readers through the choices researchers have to make. It discusses the essence of experiments, illustrates how studies are designed, how to develop questionnaires, and helps readers to collect and analyze data by themselves. The book presents qualitative approaches to research but focuses mostly on quantitative methods, detailing the workings of basic statistics. At the end, the book also shows how to give papers at international conferences, how to draft a report, and what is involved in the preparation of a publishable article.",2012,2025-11-07 11:50:12,2025-11-07 11:50:12,,,,,,,,,,,,,John Benjamins Pub.,"Amsterdam, Netherlands; Philadelphia, PA",en,,,,,,,,"Focuses on the empirical research methods for the Humanities. Suitable for students and scholars of Literature, Applied Linguistics, and Film and Media, this title helps readers to reflect on the problems and possibilities of testing the empirical assumptions and offers hands-on learning opportunities to develop empirical studies.

<div class=""comment"">
<p>This description was automatically added from 
<a href=""https://books.google.com/books?id=JK8VXK7QMNAC"">Google Books</a>. 
For a customized abstract or excerpt, add a note to the item in the 
<a href=""github.com/{{github}}/{{BASE_URL}}"">Zotero library</a></p>
</div>",,,,meta_GiveOverview; goal_Analysis; obj_Methods; obj_Literature; AnalyzeStatistically,,,,,,,,,,,,,,,,,,,,,,,,,,,,,,,,,,,,,,,,,,,,,,
38I223Y9,book,2010,"Numerico, Teresa; Fiormonte, Domenico; Tomasi, Francesca",L'umanista digitale,,978-88-15-13425-7,,,http://books.google.it/books?id=78sNQgAACAAJ,"II manuale mostra come l'informatica, fin dalla sua nascita, si sia nutrita di un ricco contributo interdisciplinare proveniente da filosofi, linguisti, filologi, antropologi, psicologi e sociologi, e fornisce gli strumenti teorici e le competenze pratiche per affrontare le sfide che le tecnologie pongono al laureato e al ricercatore in discipline umanistiche. Il problema della trasformazione digitale della cultura è affrontato in tre diverse prospettive: elaborazione e ricerca, scrittura, conservazione dei saperi. Ciascuno di questi ambiti è affrontato da uno specialista del tema in un linguaggio semplice e rigoroso. Ne risulta una mappa dei cambiamenti e dei processi di riorganizzazione della produzione della conoscenza umanistica, che illustra le ragioni che dovrebbero indurre gli studiosi ad acquisire l'esperienza e le competenze necessarie a dialogare con la tecnologia digitale. Arricchisce il volume la presenza di un sito web, nel quale docenti e studenti troveranno materiali utili per integrare lo studio e la didattica.",2010,2025-11-07 11:50:12,2025-11-07 11:50:12,,,,,,,,,Itinerari: Scienze umanistiche,,,,Il mulino,Bologna,it,,,,,,,,"<div class=""comment"">
<p>This book needs an abstract or excerpt, and it doesn't have a Google Books description available to use. For a customized abstract or excerpt, add a note to the item in the 
<a href=""github.com/{{github}}/{{BASE_URL}}"">Zotero library</a></p>
</div>",,,,meta_GiveOverview; obj_DigitalHumanities,,,,,,,,,,,,,,,,,,,,,,,,,,,,,,,,,,,,,,,,,,,,,,
YPIQGF9Q,book,2013,"Wievorka, Michel",L'impératif numérique ou La nouvelle ère des sciences humaines et sociales ?,,978-2-271-07981-7,,,http://lectures.revues.org/12837,"Et si l’omniprésence du numérique signait non seulement une nouvelle ère, un changement culturel majeur mais aussi une rupture profonde, une transformation radicale de l’humanité ? Et si le numérique constituait, après l’invention de l’écriture et celle de l’imprimerie, la troisième grande révolution ? A ces questions, Michel Wieviorka en ajoute une autre : l’ère du numérique ne pourrait-elle pas susciter en France aussi le renouveau des sciences humaines et sociales (SHS) ? Sa réponse est oui. Dans ce manifeste, le sociologue met en évidence le retard des SHS françaises dans la prise en compte et l’utilisation des nouveaux outils numériques. Sans doute ceux-ci représentent-ils un risque pour les libertés individuelles. Mais ils sont aussi un formidable outil de travail pour le chercheur en sciences sociales, fertile en innovations, nouvelles pratiques et nouvelles méthodes : le monde virtuel ne pourrait-il pas, par exemple, constituer un nouveau terrain d’enquête ? L’histoire, dont Fukuyama prédisait la fin, ne devient-elle pas une histoire à la fois globale et individuelle grâce aux Big data et leurs millions de données consultables en open access ? De sujet d’étude, l’homme et la société ne deviennent-ils pas acteurs/auteurs de leur propre récit ? Pour Michel Wieviorka, les sciences humaines et sociales doivent être partie prenante des nouvelles technologies de l’information. Comment ? En utilisant données et réseaux sociaux du web 2.0 pour échanger, communiquer, travailler de manière collaborative et produire des Humanités numériques - référence aux anciennes Humanités. Exemples à l’appui, il explique tout le parti qu’elles pourraient tirer du numérique et propose une nouvelle organisation de la recherche afin de dépasser le système des disciplines, véritable frein à l’innovation intellectuelle. Un saut qualitatif propice à l’éclosion des figures d’intellectuels qui nous font aujourd’hui défaut…",2013,2025-11-07 11:50:12,2025-11-07 11:50:12,,,,,,,,,,,,,CNRS,Paris,fr,,,,,,,,"Et si l’omniprésence du numérique signait non seulement une nouvelle ère, un changement culturel majeur mais aussi une rupture profonde, une transformation radicale de l’humanité ? Et si le numérique constituait, après l’invention de l’écriture et celle de l’imprimerie, la troisième grande révolution ? A ces questions, Michel Wieviorka en ajoute une autre : l’ère du numérique ne pourrait-elle pas susciter en France aussi le renouveau des sciences humaines et sociales (SHS) ? Sa réponse est oui. Dans ce manifeste, le sociologue met en évidence le retard des SHS françaises dans la prise en compte et l’utilisation des nouveaux outils numériques. Sans doute ceux-ci représentent-ils un risque pour les libertés individuelles. Mais ils sont aussi un formidable outil de travail pour le chercheur en sciences sociales, fertile en innovations, nouvelles pratiques et nouvelles méthodes : le monde virtuel ne pourrait-il pas, par exemple, constituer un nouveau terrain d’enquête ? L’histoire, dont Fukuyama prédisait la fin, ne devient-elle pas une histoire à la fois globale et individuelle grâce aux Big data et leurs millions de données consultables en open access ? De sujet d’étude, l’homme et la société ne deviennent-ils pas acteurs/auteurs de leur propre récit ? Pour Michel Wieviorka, les sciences humaines et sociales doivent être partie prenante des nouvelles technologies de l’information. Comment ? En utilisant données et réseaux sociaux du web 2.0 pour échanger, communiquer, travailler de manière collaborative et produire des Humanités numériques - référence aux anciennes Humanités. Exemples à l’appui, il explique tout le parti qu’elles pourraient tirer du numérique et propose une nouvelle organisation de la recherche afin de dépasser le système des disciplines, véritable frein à l’innovation intellectuelle. Un saut qualitatif propice à l’éclosion des figures d’intellectuels qui nous font aujourd’hui défaut...

<div class=""comment"">
<p>This description was automatically added from 
<a href=""https://books.google.com/books?id=JK8VXK7QMNAC"">Google Books</a>. 
For a customized abstract or excerpt, add a note to the item in the 
<a href=""github.com/{{github}}/{{BASE_URL}}"">Zotero library</a></p>
</div>",,,,,,,,,,,,,,,,,,,,,,,,,,,,,,,,,,,,,,,,,,,,,,,,,,
9A2MT7JQ,book,1990,"Orlandi, Tito",Informatica umanistica,,978-88-430-0887-2,,,http://books.google.com/books?id=XHrDPAAACAAJ,,1990,2025-11-07 11:50:12,2025-11-07 11:50:12,,,188,,,,,,Studi superiori,,,,Nuova Italia scientifica,Roma,it,,,,,,,,"

<div class=""comment"">
<p>This description was automatically added from 
<a href=""https://books.google.com/books?id=JK8VXK7QMNAC"">Google Books</a>. 
For a customized abstract or excerpt, add a note to the item in the 
<a href=""github.com/{{github}}/{{BASE_URL}}"">Zotero library</a></p>
</div>",,,,meta_GiveOverview; obj_DigitalHumanities,,,,,,,,,,,,,,,,,,,,,,,,,,,,,,,,,,,,,,,,,,,,,,
9I8Y98CP,book,2010,"Orlandi, Tito",Informatica testuale : teoria e prassi,,978-88-420-9379-4,,,http://www.ibs.it/code/9788842093794/orlandi-tito/informatica-testuale-teoria.html,"Tito Orlandi propone una sintesi chiara delle metodologie che governano l'applicazione degli strumenti informatici in ambito testuale, in particolar modo si occupa della cosiddetta testualità riflessa o mediata, ossia di quei testi concepiti per essere diffusi su supporto cartaceo e solo in un secondo momento essere riprodotti in un ambiente informatico, così da diventare anche testi digitali. L'informatica nel suo impatto con le applicazioni umanistiche ha avuto infatti conseguenze innovative e in costante mutamento. Il vasto mondo che ruota attorno alla funzione, produzione e ricezione del testo sta subendo una trasformazione radicale dovuta alle tecnologie, ma pochi sono in grado di apprezzarne compiutamente le origini e le ricadute sulla letteratura tutta. Il volume, insieme alla considerazione teorica del tema, offre una guida pratica alle procedure applicative sempre valide, nonostante i quotidiani cambiamenti nelle macchine informatiche.",2010,2025-11-07 11:50:12,2025-11-07 11:50:12,,,,,,,,Informatica testuale,,,,,Laterza,Roma ; Bari,it,,,,,,,,"<div class=""comment"">
<p>This book needs an abstract or excerpt, and it doesn't have a Google Books description available to use. For a customized abstract or excerpt, add a note to the item in the 
<a href=""github.com/{{github}}/{{BASE_URL}}"">Zotero library</a></p>
</div>",,,,meta_GiveOverview; obj_DigitalHumanities; X-CHECK,,,,,,,,,,,,,,,,,,,,,,,,,,,,,,,,,,,,,,,,,,,,,,
7I5YUQ6U,book,1977,"Tukey, John W",Exploratory data analysis,,978-0-201-07616-5,,,,,1977,2025-11-07 11:50:12,2025-11-07 11:50:12,,,,,,,,,,,,,Addison-Wesley Pub. Co.,"Reading, Mass.",en,,,,,,,,"

<div class=""comment"">
<p>This description was automatically added from 
<a href=""https://books.google.com/books?id=JK8VXK7QMNAC"">Google Books</a>. 
For a customized abstract or excerpt, add a note to the item in the 
<a href=""github.com/{{github}}/{{BASE_URL}}"">Zotero library</a></p>
</div>",,,,meta_GiveOverview; AnalyzeStatistically,,,,,,,,,,,,,,,,,,,,,,,,,,,,,,,,,,,,,,,,,,,,,,
ZCNXJEF7,book,2013,"Neuroth, Heike, Lossau, Norbert, Rapp, Andrea",Evolution der Informationsinfrastruktur Forschung und Entwicklung als Kooperation von Bibliothek und Fachwissenschaft,,978-3-86488-043-8,,,http://webdoc.sub.gwdg.de/univerlag/2013/Neuroth_Festschrift.pdf,,2013,2025-11-07 11:50:12,2025-11-07 11:50:12,,,,,,,,,,,,,"Hülsbusch, W",Glückstadt,de,,,,,,,,"Die Festschrift zum zehnjährigen Bestehen der Abteilung Forschung und Entwicklung (F & E) der Niedersächsischen Staats- und Universitätsbibliothek Göttingen in 2012 resümiert entlang ausgewählter Meilensteine die Arbeit im vergangenen Jahrzehnt. Dabei begibt sie sich auf die Spuren des Wandels im Leitbild wissenschaftlicher Bibliotheken. Gemeinsam mit Partnern aus der Wissenschaft wurden zahlreiche, wegweisende Projekte auf dem Gebiet der digitalen Forschung vorangebracht. Dieser Pionierarbeit in der deutschen Bibliothekslandschaft wird in 19 Aufsätzen von über 30 Autorinnen und Autoren nachgegangen.

<div class=""comment"">
<p>This description was automatically added from 
<a href=""https://books.google.com/books?id=JK8VXK7QMNAC"">Google Books</a>. 
For a customized abstract or excerpt, add a note to the item in the 
<a href=""github.com/{{github}}/{{BASE_URL}}"">Zotero library</a></p>
</div>",,,,obj_VREs; goal_Collaboration,,,,,,,,,,,,,,,,,,,,,,,,,,,,,,,,,,,,,,,,,,,,,,
GTWA5H7L,book,2014,"Stiegler, Bernard",Digital studies : Organologie des savoirs et technologies de la connaissance,,978-2-36405-108-9,,,,"Le numérique bouleverse les savoirs, et depuis quelques années a émergé le concept de digital humanities (humanités numériques), paradigme à travers lequel les sciences de l homme et de la société prennent acte de ce devenir. Cet ouvrage, qui s inscrit évidemment dans cette dynamique, pose cependant en principe que les digital humanities ne sont qu une dimension de ce qu il faut appréhender plus largement comme les digital studies, lesquelles concernent toutes les formes de savoirs, théoriques aussi bien que pratiques. Il soutient autrement dit que le numérique constitue une mutation globale des savoirs sous toutes leurs formes (scientifiques, artistiques, politiques, sociaux au sens le plus large, pratiques dans tous les domaines) qui pose des questions épistémologiques fondamentales et radicalement nouvelles. Le contexte géopolitique de cette réflexion qui a donné lieu à la constitution d un réseau international par l Institut de recherche et d innovation (cf. digital-studies.org) est l émergence d une industrie planétaire des savoirs pour laquelle l Amérique du Nord tente de constituer ce que l on appelle désormais un smart power.",2014-03-10,2025-11-07 11:50:12,2025-11-07 11:50:12,,,192,,,,,Digital studies,,,,,FYP EDITIONS,Limoges,fr,,,,,,,,"Le numérique bouleverse les savoirs, et depuis quelques années a émergé le concept de digital humanities (humanités numériques), paradigme à travers lequel les sciences de l’homme et de la société prennent acte de ce devenir. Cet ouvrage, qui s’inscrit évidemment dans cette dynamique, pose cependant en principe que les digital humanities ne sont qu’une dimension de ce qu’il faut appréhender plus largement comme les digital studies, lesquelles concernent toutes les formes de savoirs, théoriques aussi bien que pratiques. Il soutient autrement dit que le numérique constitue une mutation globale des savoirs sous toutes leurs formes (scientifiques, artistiques, politiques, sociaux au sens le plus large, pratiques dans tous les domaines) qui pose des questions épistémologiques fondamentales et radicalement nouvelles. Le contexte géopolitique de cette réflexion — qui a donné lieu à la constitution d’un réseau international par l’Institut de recherche et d’innovation (cf. digital-studies.org) — est l’émergence d’une industrie planétaire des savoirs pour laquelle l’Amérique du Nord tente de constituer ce que l’on appelle désormais un smart power.

<div class=""comment"">
<p>This description was automatically added from 
<a href=""https://books.google.com/books?id=JK8VXK7QMNAC"">Google Books</a>. 
For a customized abstract or excerpt, add a note to the item in the 
<a href=""github.com/{{github}}/{{BASE_URL}}"">Zotero library</a></p>
</div>",,,,,,,,,,,,,,,,,,,,,,,,,,,,,,,,,,,,,,,,,,,,,,,,,,
Z9TGWWWE,book,2012,"Warwick, Claire; Terras, Melissa; Nyhan, Julianne",Digital Humanities in Practice,,978-1-85604-766-1,,,http://www.amazon.de/Digital-Humanities-Practice-Claire-Warwick/dp/1856047660,"This title offers a cutting-edge and comprehensive introduction to this vibrant and increasingly important global field drawing together a broad spectrum of disciplines. Each chapter interweaves the expert commentary of leading academics, analysis of current research and practice and several exciting international case studies, exploring the possibilities and challenges that occur when culture and digital technologies intersect. It covers key topics that include: social media and crowd sourcing; digital images and digitisation; 3D scanning and museums; studying users and readers; electronic text and corpora; archaeology and GIS; open access and online teaching of digital humanities; and, books, texts and digital editing. This is an essential practical guide for academics, researchers, librarians and professionals involved in the digital humanities. It will also be core reading for all humanities students and those taking courses in the digital humanities in particular.",2012,2025-11-07 11:50:12,2025-11-07 11:50:12,,,192,,,,,,,,,,Facet Publishing,London,en,,,,,,,,"This cutting-edge and comprehensive introduction to digital humanities explains the scope of the discipline and state of the art and provides a wide-ranging insight into emerging topics and avenues of research. Each chapter interweaves the expert commentary of leading academics with analysis of current research and practice, exploring the possibilities and challenges that occur when culture and digital technologies intersect. International case studies of projects ranging from crowdsourced manuscript transcription to computational reconstruction of frescoes are included in each chapter, providing a wealth of information and inspiration. QR codes within each chapter link to a dedicated website where additional content, such as further case studies, is located. Key topics covered include: • studying users and readers • social media and crowdsourcing • digitization and digital resources • image processing in the digital humanities • 3D recording and museums • electronic text and text encoding • book history, texts and digital editing • open access and online teaching of digital humanities • institutional models for digital humanities. Readership: This is an essential practical guide for academics, researchers, librarians and professionals involved in the digital humanities. It will also be core reading for all humanities students and those taking courses in the digital humanities in particular.

<div class=""comment"">
<p>This description was automatically added from 
<a href=""https://books.google.com/books?id=JK8VXK7QMNAC"">Google Books</a>. 
For a customized abstract or excerpt, add a note to the item in the 
<a href=""github.com/{{github}}/{{BASE_URL}}"">Zotero library</a></p>
</div>",,,,meta_GiveOverview; obj_DigitalHumanities; X-CHECK,,,,,,,,,,,,,,,,,,,,1.,,,,,,,,,,,,,,,,,,,,,,,,,,
3FBGV4ZC,book,2013,,Defining Digital Humanities - A Reader,,,,,http://www.ashgate.com/isbn/9781409469636,"Digital Humanities is becoming an increasingly popular focus of academic endeavour. There are now hundreds of Digital Humanities centres worldwide and the subject is taught at both postgraduate and undergraduate level. Yet the term ‘Digital Humanities’ is much debated. This reader brings together, for the first time, in one core volume the essential readings that have emerged in Digital Humanities. We provide a historical overview of how the term ‘Humanities Computing’ developed into the term ‘Digital Humanities’, and highlight core readings which explore the meaning, scope, and implementation of the field. To contextualize and frame each included reading, the editors and authors provide a commentary on the original piece. There is also an annotated bibliography of other material not included in the text to provide an essential list of reading in the discipline. This text will be required reading for scholars and students who want to discover the history of Digital Humanities through its core writings, and for those who wish to understand the many possibilities that exist when trying to define Digital Humanities.",2013,2025-11-07 11:50:12,2025-11-07 11:50:12,,,,,,,,,,,,,Ashgate,Williston,en,,,,,,,,"This reader brings together the essential readings that have emerged in Digital Humanities. It provides a historical overview of how the term ‘Humanities Computing’ developed into the term ‘Digital Humanities’, and highlights core readings which explore the meaning, scope, and implementation of the field. To contextualize and frame each included reading, the editors and authors provide a commentary on the original piece. There is also an annotated bibliography of other material not included in the text to provide an essential list of reading in the discipline.

<div class=""comment"">
<p>This description was automatically added from 
<a href=""https://books.google.com/books?id=JK8VXK7QMNAC"">Google Books</a>. 
For a customized abstract or excerpt, add a note to the item in the 
<a href=""github.com/{{github}}/{{BASE_URL}}"">Zotero library</a></p>
</div>",,,,meta_GiveOverview; obj_DigitalHumanities,"Terras, Melissa; Nyhan, Julianne; Vanhoutte, Edward",,,,,,,,,,,,,,,,,,,,,,,,,,,,,,,,,,,,,,,,,,,,,
E7S5DRQC,book,2011,"Witten, Ian; Frank, Eibe; Hall, Mark",Data Mining: Practical Machine Learning Tools and Techniques,,,,,http://www.cs.waikato.ac.nz/ml/weka/book.html,"We have written a companion book for the Weka software, now into its third edition, that describes the machine learning techniques that it implements and how to use them. It is structured into three parts. The first part is an introduction to data mining using basic machine learning techniques, the second part describes more advanced machine learning methods, and the third part is a user guide for Weka.",2011,2025-11-07 11:50:12,2025-11-07 11:50:12,,,,,,,,,,,,,Morgan Kaufmann,San Francisco,en,,,,,,,,"Data Mining: Practical Machine Learning Tools and Techniques, Third Edition, offers a thorough grounding in machine learning concepts as well as practical advice on applying machine learning tools and techniques in real-world data mining situations. This highly anticipated third edition of the most acclaimed work on data mining and machine learning will teach you everything you need to know about preparing inputs, interpreting outputs, evaluating results, and the algorithmic methods at the heart of successful data mining. Thorough updates reflect the technical changes and modernizations that have taken place in the field since the last edition, including new material on Data Transformations, Ensemble Learning, Massive Data Sets, Multi-instance Learning, plus a new version of the popular Weka machine learning software developed by the authors. Witten, Frank, and Hall include both tried-and-true techniques of today as well as methods at the leading edge of contemporary research. The book is targeted at information systems practitioners, programmers, consultants, developers, information technology managers, specification writers, data analysts, data modelers, database R&D professionals, data warehouse engineers, data mining professionals. The book will also be useful for professors and students of upper-level undergraduate and graduate-level data mining and machine learning courses who want to incorporate data mining as part of their data management knowledge base and expertise. - Provides a thorough grounding in machine learning concepts as well as practical advice on applying the tools and techniques to your data mining projects - Offers concrete tips and techniques for performance improvement that work by transforming the input or output in machine learning methods - Includes downloadable Weka software toolkit, a collection of machine learning algorithms for data mining tasks—in an updated, interactive interface. Algorithms in toolkit cover: data pre-processing, classification, regression, clustering, association rules, visualization

<div class=""comment"">
<p>This description was automatically added from 
<a href=""https://books.google.com/books?id=JK8VXK7QMNAC"">Google Books</a>. 
For a customized abstract or excerpt, add a note to the item in the 
<a href=""github.com/{{github}}/{{BASE_URL}}"">Zotero library</a></p>
</div>",,,,AnalyzeStatistically; t_MachineLearning,,,,,,,,,,,,,,,,,,,,3rd edition,,,,,,,,,,,,,,,,,,,,,,,,,,
U9Z9GSD2,book,1989,,Computer in den Geisteswissenschaften. Konzepte und Berichte,,978-3-593-33881-1,,,,,1989,2025-11-07 11:50:12,2025-11-07 11:50:12,,,336,,,,,,,,,,Frankfurt u.a.: Campus 1989,,de,,,,,,,"Thaller, Manfred (Hg.): Computer in den Geisteswissenschaften. Konzepte und Berichte. Frankfurt u.a.: Campus 1989.","

<div class=""comment"">
<p>This description was automatically added from 
<a href=""https://books.google.com/books?id=JK8VXK7QMNAC"">Google Books</a>. 
For a customized abstract or excerpt, add a note to the item in the 
<a href=""github.com/{{github}}/{{BASE_URL}}"">Zotero library</a></p>
</div>",,,,obj_DigitalHumanities; act_Conceptualizing,"Thaller, Manfred",,,,,,,,,,,,,,,,,,,,,,,,,,,,,,,,,,,,,,,,,,,,,
23MDBLBF,book,2008,"Schreibman, Susan; Siemens, Ray",Companion to Digital Literary Studies,,978-1-4051-4864-1,,,http://www.digitalhumanities.org/companionDLS/,,2008-12,2025-11-07 11:50:12,2025-11-07 11:50:12,,,,,,,,,Blackwell Companions to Literature and Culture,,,,Blackwell Publishing Professional,Oxford,en,,,,,,,,"This Companion offers an extensive examination of how new technologies are changing the nature of literary studies, from scholarly editing and literary criticism, to interactive fiction and immersive environments. A complete overview exploring the application of computing in literary studies Includes the seminal writings from the field Focuses on methods and perspectives, new genres, formatting issues, and best practices for digital preservation Explores the new genres of hypertext literature, installations, gaming, and web blogs The Appendix serves as an annotated bibliography

<div class=""comment"">
<p>This description was automatically added from 
<a href=""https://books.google.com/books?id=JK8VXK7QMNAC"">Google Books</a>. 
For a customized abstract or excerpt, add a note to the item in the 
<a href=""github.com/{{github}}/{{BASE_URL}}"">Zotero library</a></p>
</div>",,,,*****,,,,,,,,,,,,,,,,,,,,Hardcover,,,,,,,,,,,,,,,,,,,,,,,,,,
F3J9RUC9,book,1995,,CID. Computergestützte Interpretationen von Detektivromanen,,,,,http://www.gbv.de/dms/goettingen/184540100.pdf,"Das Forschungsprojekt CID widmet sich dreierlei Aufgaben: Fundiert durch Webers Theorie der analytischen Erzählung wird CID zum einen die Bauform und das erzähltechnische Regelwerk des Detektivromans und seiner «Untergattungen» untersuchen. Zum anderen geht es um die Entwicklung und Erprobung eines leistungsfähigen und komfortablen Instrumentariums zur computergestützten empirischen Analyse epischer Texte, das den Qualitätsanforderungen der sozialwissenschaftlichen Inhaltsanalyse entspricht. Mit Hilfe dieser Instrumente sollen schließlich wissenschaftlich relevante und repräsentative Ergebnisse für die Literaturwissenschaft ermittelt werden: Die Arbeitsfelder, in die CID aufgeteilt ist, haben verschiedene konstitutive Elemente epischer Texte im allgemeinen und des Detektivromans im besonderen zum Gegenstand.",1995,2025-11-07 11:50:12,2025-11-07 11:50:12,,,226,,,,,,,,,,Frankfurt am Main: Lang 1995,,de,,,,,,,,"Das Forschungsprojekt CID widmet sich dreierlei Aufgaben: Fundiert durch Webers Theorie der analytischen Erzählung wird CID zum einen die Bauform und das erzähltechnische Regelwerk des Detektivromans und seiner «Untergattungen» untersuchen. Zum anderen geht es um die Entwicklung und Erprobung eines leistungsfähigen und komfortablen Instrumentariums zur computergestützten empirischen Analyse epischer Texte, das den Qualitätsanforderungen der sozialwissenschaftlichen Inhaltsanalyse entspricht. Mit Hilfe dieser Instrumente sollen schließlich wissenschaftlich relevante und repräsentative Ergebnisse für die Literaturwissenschaft ermittelt werden: Die Arbeitsfelder, in die CID aufgeteilt ist, haben verschiedene konstitutive Elemente epischer Texte im allgemeinen und des Detektivromans im besonderen zum Gegenstand.

<div class=""comment"">
<p>This description was automatically added from 
<a href=""https://books.google.com/books?id=JK8VXK7QMNAC"">Google Books</a>. 
For a customized abstract or excerpt, add a note to the item in the 
<a href=""github.com/{{github}}/{{BASE_URL}}"">Zotero library</a></p>
</div>",,,,obj_Literature; AnalyzeQualitatively; goal_Interpretation,"Schier, Dagmar; Giersch, Malchus",,,,,,,,,,,,,,,,,,,,,,,,,,,,,,,,,,,,,,,,,,,,,
KPVDAU9M,book,1983,"Mosteller, F.; Wallace, D. L.",Applied Bayesian and Classical Inference: The Case of the Federalist Papers,,978-0-387-90991-2,,,,"The new version has two additions. First, at the suggestion of Stephen Stigler I we have replaced the Table of Contents by what he calls an Analytic Table of Contents. Following the title of each section or subsection is a description of the content of the section. This material helps the reader in several ways, for example: by giving a synopsis of the book, by explaining where the various data tables are and what they deal with, by telling what theory is described where. We did several distinct full studies for the Federalist papers as well as many minor side studies. Some or all may offer information both to the applied and the theoretical reader. We therefore try to give in this Contents more than the few cryptic words in a section heading to ~peed readers in finding what they want. Seconq, we have prepared an extra chapter dealing with authorship work published from. about 1969 to 1983. Although a chapter cannot compre- hensively Gover a field where many books now appear, it can mention most ofthe book-length works and the main thread of authorship' studies published in English. We founq biblical authorship studies so extensive and com- plicated that we thought it worthwhile to indicate some papers that would bring out the controversies that are taking place. We hope we have given the flavor of developments over the 15 years mentioned. We have also corrected a few typographical errors.",1983-01-01,2025-11-07 11:50:12,2025-11-07 11:50:12,,,303,,,,,Applied Bayesian and Classical Inference,,,,,Springer New York,,en,,,,,,,,"The new version has two additions. First, at the suggestion of Stephen Stigler I we have replaced the Table of Contents by what he calls an Analytic Table of Contents. Following the title of each section or subsection is a description of the content of the section. This material helps the reader in several ways, for example: by giving a synopsis of the book, by explaining where the various data tables are and what they deal with, by telling what theory is described where. We did several distinct full studies for the Federalist papers as well as many minor side studies. Some or all may offer information both to the applied and the theoretical reader. We therefore try to give in this Contents more than the few cryptic words in a section heading to ~peed readers in finding what they want. Seconq, we have prepared an extra chapter dealing with authorship work published from. about 1969 to 1983. Although a chapter cannot compre hensively Gover a field where many books now appear, it can mention most ofthe book-length works and the main thread of authorship' studies published in English. We founq biblical authorship studies so extensive and com plicated that we thought it worthwhile to indicate some papers that would bring out the controversies that are taking place. We hope we have given the flavor of developments over the 15 years mentioned. We have also corrected a few typographical errors.

<div class=""comment"">
<p>This description was automatically added from 
<a href=""https://books.google.com/books?id=JK8VXK7QMNAC"">Google Books</a>. 
For a customized abstract or excerpt, add a note to the item in the 
<a href=""github.com/{{github}}/{{BASE_URL}}"">Zotero library</a></p>
</div>",,,,AnalyzeStatistically; t_Stylometry,,,,,,,,,,,,,,,,,,,,2nd ed.,,,,,,,,,,,,,,,,,,,,,,,,,,
T4TZ3JK7,book,2014,"Wright, Alex",Cataloging the World: Paul Otlet and the Birth of the Information Age,,978-0-19-993141-5,,,,"The dream of capturing and organizing knowledge is as old as history. From the archives of ancient Sumeria and the Library of Alexandria to the Library of Congress and Wikipedia, humanity has wrestled with the problem of harnessing its intellectual output. The timeless quest for wisdom has been as much about information storage and retrieval as creative genius.In Cataloging the World, Alex Wright introduces us to a figure who stands out in the long line of thinkers and idealists who devoted themselves to the task. Beginning in the late nineteenth century, Paul Otlet, a librarian by training, worked at expanding the potential of the catalog card, the world's first information chip. From there followed universal libraries and museums, connecting his native Belgium to the world by means of a vast intellectual enterprise that attempted to organize and code everything ever published. Forty years before the first personal computer and fifty years before the first browser, Otlet envisioned a network of ""electric telescopes"" that would allow people everywhere to search through books, newspapers, photographs, and recordings, all linked together in what he termed, in 1934, a réseau mondial--essentially, a worldwide web.Otlet's life achievement was the construction of the Mundaneum--a mechanical collective brain that would house and disseminate everything ever committed to paper. Filled with analog machines such as telegraphs and sorters, the Mundaneum--what some have called a ""Steampunk version of hypertext""--was the embodiment of Otlet's ambitions. It was also short-lived. By the time the Nazis, who were pilfering libraries across Europe to collect information they thought useful, carted away Otlet's collection in 1940, the dream had ended. Broken, Otlet died in 1944.Wright's engaging intellectual history gives Otlet his due, restoring him to his proper place in the long continuum of visionaries and pioneers who have struggled to classify knowledge, from H.G. Wells and Melvil Dewey to Vannevar Bush, Ted Nelson, Tim Berners-Lee, and Steve Jobs. Wright shows that in the years since Otlet's death the world has witnessed the emergence of a global network that has proved him right about the possibilities--and the perils--of networked information, and his legacy persists in our digital world today, captured for all time.",2014-06-04,2025-11-07 11:50:12,2025-11-07 11:50:12,,,360,,,,,Cataloging the World,,,,,Oxford University Press,Oxford ; New York,en,,,,,,,,"The dream of capturing and organizing knowledge is as old as history. From the archives of ancient Sumeria and the Library of Alexandria to the Library of Congress and Wikipedia, humanity has wrestled with the problem of harnessing its intellectual output. The timeless quest for wisdom has been as much about information storage and retrieval as creative genius. In Cataloging the World, Alex Wright introduces us to a figure who stands out in the long line of thinkers and idealists who devoted themselves to the task. Beginning in the late nineteenth century, Paul Otlet, a librarian by training, worked at expanding the potential of the catalog card, the world's first information chip. From there followed universal libraries and museums, connecting his native Belgium to the world by means of a vast intellectual enterprise that attempted to organize and code everything ever published. Forty years before the first personal computer and fifty years before the first browser, Otlet envisioned a network of ""electric telescopes"" that would allow people everywhere to search through books, newspapers, photographs, and recordings, all linked together in what he termed, in 1934, a réseau mondial--essentially, a worldwide web. Otlet's life achievement was the construction of the Mundaneum--a mechanical collective brain that would house and disseminate everything ever committed to paper. Filled with analog machines such as telegraphs and sorters, the Mundaneum--what some have called a ""Steampunk version of hypertext""--was the embodiment of Otlet's ambitions. It was also short-lived. By the time the Nazis, who were pilfering libraries across Europe to collect information they thought useful, carted away Otlet's collection in 1940, the dream had ended. Broken, Otlet died in 1944. Wright's engaging intellectual history gives Otlet his due, restoring him to his proper place in the long continuum of visionaries and pioneers who have struggled to classify knowledge, from H.G. Wells and Melvil Dewey to Vannevar Bush, Ted Nelson, Tim Berners-Lee, and Steve Jobs. Wright shows that in the years since Otlet's death the world has witnessed the emergence of a global network that has proved him right about the possibilities--and the perils--of networked information, and his legacy persists in our digital world today, captured for all time.

<div class=""comment"">
<p>This description was automatically added from 
<a href=""https://books.google.com/books?id=JK8VXK7QMNAC"">Google Books</a>. 
For a customized abstract or excerpt, add a note to the item in the 
<a href=""github.com/{{github}}/{{BASE_URL}}"">Zotero library</a></p>
</div>",,,,obj_DigitalHumanities,,,,,,,,,,,,,,,,,,,,,,,,,,,,,,,,,,,,,,,,,,,,,,
DSKQJ28E,book,2012,"Pryor, Graham",Managing research data,,978-1-85604-756-2,,,http://www.amazon.de/Managing-Research-Data-Graham-Pryor/dp/1856047563,"Data management has become an essential requirement for information professionals in the last decade, particularly for the higher education research community, as more and more digital information is created and stored. As budgets shrink and funders of research increasingly demand evidence of value for money and demonstrable benefits for society, there is increasing pressure to provide plans of sustainable management of data. Ensuring that important information remains discoverable, accessible and intelligible and is shared as part of a larger web of data will mean research has a life beyond its initial purpose and can offer real utility to the wider institution and beyond. This edited collection, bringing together leading figures in the field from the UK and around the world, provides an introduction to all the key data issues facing the HE and information management communities. Using the authors' expertise and relevant international case studies, it defines what is required to achieve a culture of effective data management offering practical advice on the skills required, legal and contractual obligations, strategies and management plans and the data management infrastructure of specialists and services. Each chapter covers a critical element of data management including: the meaning of data management; the lifecycle of data management; the policy environment; an organisational approach to achieving digital sustainability; data management plans and planning; roles and responsibilities for libraries and librarians; the challenge to university information services; an analysis of the New World approach; and resources and sources of support to data management. This is essential reading for librarians and information professionals working in the higher education sector, the research community, policy makers and university managers. It will also be a useful introduction for students taking courses in information management, archivists and national library services.",2012,2025-11-07 11:50:12,2025-11-07 11:50:12,,,,,,,,,,,,,Facet Publishing,London,en,,,,,,,,"This title defines what is required to achieve a culture of effective data management offering advice on the skills required, legal and contractual obligations, strategies and management plans and the data management infrastructure of specialists and services. Data management has become an essential requirement for information professionals over the last decade, particularly for those supporting the higher education research community, as more and more digital information is created and stored. As budgets shrink and funders of research demand evidence of value for money and demonstrable benefits for society, there is increasing pressure to provide plans for the sustainable management of data. Ensuring that important data remains discoverable, accessible and intelligible and is shared as part of a larger web of knowledge will mean that research has a life beyond its initial purpose and can offer real utility to the wider community. This edited collection, bringing together leading figures in the field from the UK and around the world, provides an introduction to all the key data issues facing the HE and information management communities. Each chapter covers a critical element of data management: • Why manage research data? • The lifecycle of data management • Research data policies: principles, requirements and trends • Sustainable research data • Data management plans and planning • Roles and responsibilities – libraries, librarians and data • Research data management: opportunities and challenges for HEIs • The national data centres • Contrasting national research data strategies: Australia and the USA • Emerging infrastructure and services for research data management and curation in the UK and Europe Readership: This is essential reading for librarians and information professionals working in the higher education sector, the research community, policy makers and university managers. It will also be a useful introduction for students taking courses in information management, archivists and national library services.

<div class=""comment"">
<p>This description was automatically added from 
<a href=""https://books.google.com/books?id=JK8VXK7QMNAC"">Google Books</a>. 
For a customized abstract or excerpt, add a note to the item in the 
<a href=""github.com/{{github}}/{{BASE_URL}}"">Zotero library</a></p>
</div>",,,,goal_Capture; goal_Storage; obj_AnyObject,,,,,,,,,,,,,,,,,,,,,,,,,,,,,,,,,,,,,,,,,,,,,,
GW85F6FJ,book,2010,,TEI by Example,,,,,http://tbe.kantl.be/TBE/TBE.htm,TEI By Example offers a series of freely available online tutorials walking individuals through the different stages in marking up a document in TEI (Text Encoding Initiative).,2010,2025-11-07 11:50:12,2025-11-07 11:50:12,,,,,,,,,,,,,"Centre for Scholarly Editing and Document Studies (CTB) of the Royal Academy of Dutch Language and Literature, the Centre for Computing in the Humanities (CCH) of King's College London, and the Department of Information Studies of University College London.",,en,,,,,,,,"<div class=""comment"">
<p>This book needs an abstract or excerpt, and it doesn't have a Google Books description available to use. For a customized abstract or excerpt, add a note to the item in the 
<a href=""github.com/{{github}}/{{BASE_URL}}"">Zotero library</a></p>
</div>",,,,meta_Teaching; act_Modeling; t_Encoding,"Vanhoutte, Edward; Terras, Melissa; Van den Branden, Ron",,,,,,,,,,,,,,,,,,,,,,,,,,,,,,,,,,,,,,,,,,,,,
3L2AHZ4E,book,2012,,Langzeitarchivierung von Forschungsdaten : eine Bestandsaufnahme.,,978-3-86488-008-7,,,http://nestor.sub.uni-goettingen.de/bestandsaufnahme/index.php,,2012,2025-11-07 11:50:12,2025-11-07 11:50:12,,,,,,,,Langzeitarchivierung von Forschungsdaten,,,,,VWH Verlag & Universitätsverlag Göttingen,Boizenburg & Göttingen,de,,,,,,,,"

<div class=""comment"">
<p>This description was automatically added from 
<a href=""https://books.google.com/books?id=JK8VXK7QMNAC"">Google Books</a>. 
For a customized abstract or excerpt, add a note to the item in the 
<a href=""github.com/{{github}}/{{BASE_URL}}"">Zotero library</a></p>
</div>",,,,meta_GiveOverview; goal_Storage; obj_Data,"Neuroth, Heike; Strathmann, Stefan; Oßwald, Achim; Scheffel, Regine; Klump, Jens; Ludwig, Jens",,,,,,,,,,,,,,,,,,,,,,,,,,,,,,,,,,,,,,,,,,,,,
5U679CEY,book,2008,"Tomasi, Francesca",Metodologie informatiche e discipline umanistiche,,978-88-430-4303-3,,,http://books.google.it/books?id=yG_kPAAACAAJ,"Quale vincolo lega le discipline umanistiche all'informatica come scienza dell'informazione? Quale rapporto sussiste fra le ""humanae litterae"" e una disciplina che si occupa di forme di rappresentazione, trattamento ed elaborazione dell'informazione? Il connubio non coinvolge i soli aspetti strumentali di uso della macchina informatica. Obiettivo del volume è ragionare su aspetti e settori della ricerca umanistica che possono essere ripensati alla luce dei presupposti teorici, metodologici e tecnici della scienza dell'informazione: dal concetto di informazione alla sua formalizzazione, dalle reti ai sistemi di basi di dati, dai linguaggi di markup agli ipertesti e ai sistemi multimediali. Ma è soprattutto sull'elaborazione dell'informazione che si concentra la ""computabilità umanistica"": dal trattamento automatico del linguaggio naturale al Web semantico, dai metadati alle biblioteche digitali. Fonte dell'abstract: http://books.google.it/books?id=yG_kPAAACAAJ",2008,2025-11-07 11:50:12,2025-11-07 11:50:12,,,,,,,,,Manuali universitari,,,,Carocci,Roma,it,,,,,,,,"

<div class=""comment"">
<p>This description was automatically added from 
<a href=""https://books.google.com/books?id=JK8VXK7QMNAC"">Google Books</a>. 
For a customized abstract or excerpt, add a note to the item in the 
<a href=""github.com/{{github}}/{{BASE_URL}}"">Zotero library</a></p>
</div>",,,,meta_GiveOverview; obj_DigitalHumanities,,,,,,,,,,,,,,,,,,,,,,,,,,,,,,,,,,,,,,,,,,,,,,
7W5DQURR,book,2011,,"Digitale Wissenschaft. Stand und Entwicklung digital vernetzter Forschung in Deutschland [Tagung, 20./21. September 2010, Köln]",,,,,http://www.digitalewissenschaft.,,2011,2025-11-07 11:50:12,2025-11-07 11:50:12,,,,,,,,,,,,,hbz,Köln,de,,,,,,,,"

<div class=""comment"">
<p>This description was automatically added from 
<a href=""https://books.google.com/books?id=JK8VXK7QMNAC"">Google Books</a>. 
For a customized abstract or excerpt, add a note to the item in the 
<a href=""github.com/{{github}}/{{BASE_URL}}"">Zotero library</a></p>
</div>",,,,obj_DigitalHumanities; obj_Research; X-CHECK; meta_Assessing,"Schomburg, Silke; Puschmann, Cornelius; Lobin, Henning",,,,,,,,,,,,,,,,,,,"2., ergänzte Fassung",,,,,,,,,,,,,,,,,,,,,,,,,,
ZWTLIKUS,book,2008,"Tidwell, Doug",XSLT,,978-0-596-52721-1,,,http://it-ebooks.info/book/119/,"The second edition of XSLT incorporates new material for XSLT 2.0 and expounds on the lessons learned over the last six years of XSLT 1.0 use. Whether you're looking for the latest and greatest in XSLT 1.0 techniques, or moving on to XSLT 2.0, this new edition of XSLT will address your needs. This book includes plenty of practical, real-world examples to show you how to apply XSLT stylesheets to XML data using either version.",2008,2025-11-07 11:50:12,2025-11-07 11:50:12,,,990,,,,,,,,,,O'Reilly Media,"Sebstopol, CA",en,,,,,,,,"XSLT documents a core technology for processing XML. Originally created for page layout, XSLT (Extensible Stylesheet Transformations) is now much more: a general-purpose translation tool, a system for reorganizing document content, and a way to generate multiple results-- such as HTML, WAP, and SVG--from the same content. What sets XSLT apart from other books on this critical tool is the depth of detail and breadth of knowledge that Doug Tidwell, a developer with years of XSLT experience, brings to his concise treatment of the many talents of XSLT. He covers XSLT and XPath, a critical companion standard, and addresses topics ranging from basic transformations to complex sorting and linking. He explores extension functions on a variety of different XSLT processors and shows ways to combine multiple documents using XSLT. Code examples add a real-world dimension to each technique. Useful as XSLT is, its peculiar characteristics make it difficult to get started in, and the ability to use advanced techniques depends on a clear and exact understanding of how XSLT templates work and interact. For instance, the understanding of ""variables"" in XSLT is deeply different from the understanding of ""variables"" in procedural languages. The author explains XSLT by building from the basics to its more complex and powerful possibilities, so that whether you're just starting out in XSLT or looking for advanced techniques, you'll find the level of information you need.

<div class=""comment"">
<p>This description was automatically added from 
<a href=""https://books.google.com/books?id=JK8VXK7QMNAC"">Google Books</a>. 
For a customized abstract or excerpt, add a note to the item in the 
<a href=""github.com/{{github}}/{{BASE_URL}}"">Zotero library</a></p>
</div>",,,,act_Modeling; t_XML,,,,,,,,,,,,,,,,,,,,,,,,,,,,,,,,,,,,,,,,,,,,,,
XQ2Q8RQD,book,2013,"Rettberg, Jill Walker",Blogging,,978-0-7456-4134-8,,,http://books.google.com/books/about/Blogging.html?id=lo0WUF0YpsMC,"Blogging has profoundly influenced not only the nature of the internet today, but also the nature of modern communication, despite being a genre invented less than a decade ago. This book–length study of a now everyday phenomenon provides a close look at blogging while placing it in a historical, theoretical and contemporary context. Scholars, students and bloggers will find a lively survey of blogging that contextualises blogs in terms of critical theory and the history of digital media. Authored by a scholar–blogger, the book is packed with examples that show how blogging and related genres are changing media and communication. It gives definitions and explains how blogs work, shows how blogs relate to the historical development of publishing and communication and looks at the ways blogs structure social networks and at how social networking sites like MySpace and Facebook incorporate blogging in their design. Specific kinds of blogs discussed include political blogs, citizen journalism, confessional blogs and commercial blogs.",2013,2025-11-07 11:50:12,2025-11-07 11:50:12,,,192,,,,,,Digital Media and Society,,,,Polity Press,,en,,,,,,,,"Provides an accessible study of blogging and places it in a historical, theoretical and contemporary context. Jill Walker Rettberg discusses the ways blogs are integrated into the mainstream social media ecology, where comments and links from Twitter and Facebook may be more important than the network between blogs that was significant five years ago, and questions the shift towards increased commercialization and corporate control of blogs. The book also analyses how smartphones with cameras and social media have led a shift towards more visual emphasis in blogs. The book is packed with examples that show how blogging and related genres are changing media and communication.--

<div class=""comment"">
<p>This description was automatically added from 
<a href=""https://books.google.com/books?id=JK8VXK7QMNAC"">Google Books</a>. 
For a customized abstract or excerpt, add a note to the item in the 
<a href=""github.com/{{github}}/{{BASE_URL}}"">Zotero library</a></p>
</div>",,,,goal_Dissemination; act_Publishing; obj_ResearchResults,,,,,,,,,,,,,,,,,,,,Second Edition,,,,,,,,,,,,,,,,,,,,,,,,,,
FGIR46J4,book,2012,,Literary Studies in the Digital Age: A Methodological Primer,,,,,,,2012,2025-11-07 11:50:12,2025-11-07 11:50:12,,,,,,,,,,,,,MLA Publications,New York,en,,,,,,,,"<div class=""comment"">
<p>This book needs an abstract or excerpt, and it doesn't have a Google Books description available to use. For a customized abstract or excerpt, add a note to the item in the 
<a href=""github.com/{{github}}/{{BASE_URL}}"">Zotero library</a></p>
</div>",,,,meta_GiveOverview; X-CHECK; obj_Literature,"Price, Ken; Siemens, Ray",,,,,,,,,,,,,,,,,,,,,,,,,,,,,,,,,,,,,,,,,,,,,
WUD2NP7C,book,2019,"Veidlinger, Daniel",Digital Humanities and Buddhism. An introduction,,978-3-11-051908-2,,,https://www.degruyter.com/view/product/480584,"IDH Religion provides a series of short introductions to specific areas of study at the intersections of digital humanities and religion, offering an overview of current methodologies, techniques, tools, and projects as well as defining challenges and opportunities for further research. This volume explores DH and Buddhism in four sections: Theory and Method; Digital Conservation, Preservation and Archiving; Digital Analysis; Digital Resources. It covers themes such as language processing, digital libraries, online lexicography, and ethnographic methods.",2019,2025-11-07 11:50:12,2025-11-07 11:50:12,,,234,,,,,Digital Humanities and Buddhism.,,,,,De Gruyter,,En,,,,,,,,"IDH Religion provides a series of short introductions to specific areas of study at the intersections of digital humanities and religion, offering an overview of current methodologies, techniques, tools, and projects as well as defining challenges and opportunities for further research. This volume explores DH and Buddhism in four sections: Theory and Method; Digital Conservation, Preservation and Archiving; Digital Analysis; Digital Resources. It covers themes such as language processing, digital libraries, online lexicography, and ethnographic methods. Erratum: Unfortunately there is a mistake in the print version in the last paragraph of page 14. READ is an open-source software system developed by a team consisting of Stefan Baums at the Bavarian Academy of Sciences and Humanities, Andrew Glass in Seattle, Ian McCrabb at the University of Sydney and Stephen White in Venice (https://github.com/readsoftware/read).

<div class=""comment"">
<p>This description was automatically added from 
<a href=""https://books.google.com/books?id=JK8VXK7QMNAC"">Google Books</a>. 
For a customized abstract or excerpt, add a note to the item in the 
<a href=""github.com/{{github}}/{{BASE_URL}}"">Zotero library</a></p>
</div>",,,,meta_GiveOverview; obj_DigitalHumanities; goal_Storage; goal_Analysis; obj_Methods; obj_Tools,,,,,,,,,,,,,,,,,,,,,,,,,,,,,,,,,,,,,,,,,,,,,,
CSCHBC69,book,,"Mounier, Pierre",Les humanités numériques. Une histoire critique,,978-2-7351-2255-4,,,http://www.editions-msh.fr/livre/?GCOI=27351100065270,"Que sont les humanités numériques ? D'abord une rencontre, au lendemain de la Seconde Guerre mondiale. Celle d'un prêtre jésuite soucieux d’analyser la Somme théologique de Thomas d’Aquin avec les ordinateurs d’IBM. Cette collaboration donnera naissance à ce qu’on appellera plus tard les humanités numériques. Porteuses de l’histoire des technologies, marquée par le développement des technosciences et du complexe militaro-industriel, les humanités numériques conduisent à s’interroger en retour sur ce qui fait la spécificité des humanités. L’union des technologies numériques et des humanités conduit-elle à remettre en cause ce qui les dinstingue traditionnellement ? Le numérique pousse-t-il, par les méthodes et modèles qu’il permet de développer dans ce champ de recherche, à placer les humanités sous la domination de modèles scientifiques qui leur sont étrangers ? Quels dangers ces approches comportent-elles, en particulier lorsqu’une part croissante des productions culturelles et des interactions sociales est désormais placée sous l’emprise de sociétés commerciales globalisées qui font un usage massif du numérique ? Dans cet ouvrage, Pierre Mounier nous livre une histoire critique des humanités numériques et propose de redéfinir à la lumière de ces analyses le contrat moral que les humanités peuvent établir avec la société.",,2025-11-07 11:50:12,2025-11-07 11:50:12,,,180,,,,,Les humanités numériques,,,,,,,Fr,,,,,,,,"Dans cet ouvrage, Pierre Mounier nous livre une histoire critique des humanités numériques et propose de redéfinir à la lumière de ces analyses le contrat moral que les humanités peuvent établir avec la société.

<div class=""comment"">
<p>This description was automatically added from 
<a href=""https://books.google.com/books?id=JK8VXK7QMNAC"">Google Books</a>. 
For a customized abstract or excerpt, add a note to the item in the 
<a href=""github.com/{{github}}/{{BASE_URL}}"">Zotero library</a></p>
</div>",,,,meta_GiveOverview; obj_DigitalHumanities,,,,,,,,,,,,,,,,,,,,,,,,,,,,,,,,,,,,,,,,,,,,,,
DBBEC33C,book,2013,"Rogers, Richard",Digital methods,,978-0-262-01883-8,,,http://www.amazon.com/Digital-Methods-Richard-Rogers/dp/0262018837,"In Digital Methods, Richard Rogers proposes a methodological outlook for social and cultural scholarly research on the Web that seeks to move Internet research beyond the study of online culture. It is not a toolkit for Internet research, or operating instructions for a software package; it deals with broader questions. How can we study social media to learn something about society rather than about social media use? How can hyperlinks reveal not just the value of a Web site but the politics of association? Rogers proposes repurposing Web-native techniques for research into cultural change and societal conditions. We can learn to reapply such ""methods of the medium"" as crawling and crowd sourcing, PageRank and similar algorithms, tag clouds and other visualizations; we can learn how they handle hits, likes, tags, date stamps, and other Web-native objects. By ""thinking along"" with devices and the objects they handle, digital research methods can follow the evolving methods of the medium. Rogers uses this new methodological outlook to examine the findings of inquiries into 9/11 search results, the recognition of climate change skeptics by climate-change-related Web sites, the events surrounding the Srebrenica massacre according to Dutch, Serbian, Bosnian, and Croatian Wikipedias, presidential candidates' social media ""friends,"" and the censorship of the Iranian Web. With Digital Methods, Rogers introduces a new vision and method for Internet research and at the same time applies them to the Web's objects of study, from tiny particles (hyperlinks) to large masses (social media).",2013,2025-11-07 11:50:12,2025-11-07 11:50:12,,,280,,,,,,,,,,MIT Press,"Cambridge, MA",en,,,,,,,,"Get 12 months FREE access to the Digital Methods Manual (an abridged, interactive eBook that provides handy step-by-step guidance to your phone, tablet, laptop or reading device) when purchasing ISBN: 9781526487995 Paperback & Interactive eBook. Teaching the concrete methods needed to use digital devices, search engines and social media platforms to study some of the most urgent social issues of our time, this is the essential guide to the state of the art in researching the natively digital. With explanation of context and techniques and a rich set of case studies, Richard Rogers teaches you how to: Build a URL list to discover internet censorship Transform Google into a research machine to detect source bias Make Twitter API outputs comprehensible and tell stories Research Instagram to locate ‘hashtag publics’ Extract and fruitfully analyze Facebook posts, images and video And much, much more

<div class=""comment"">
<p>This description was automatically added from 
<a href=""https://books.google.com/books?id=JK8VXK7QMNAC"">Google Books</a>. 
For a customized abstract or excerpt, add a note to the item in the 
<a href=""github.com/{{github}}/{{BASE_URL}}"">Zotero library</a></p>
</div>",,,,bigdata~,,,,,,,,,,,,,,,,,,,,,,,,,,,,,,,,,,,,,,,,,,,,,,
HLXVJ2EY,book,2004,"Semino, Elena","Corpus stylistics: speech, writing and thought presentation in a corpus of English writing",,978-0-415-28669-5 978-0-203-49407-3,,,,"""This book combines stylistic analysis with corpus linguistics in order to provide an account of the phenomenon of speech, writing and thought presentation - commonly referred to as 'speech reporting' or 'discourse presentation'."" ""Corpus Stylistics shows how stylistics, and text/discourse analysis more generally, can benefit from the use of a corpus methodology. This book will be essential reading for linguists interested in the areas of stylistics and corpus linguistics.""--BOOK JACKET.",2004,2025-11-07 11:50:12,2025-11-07 11:50:12,,,,,,,,Corpus stylistics,,,,,Routledge,London; New York,en,,,,,,,,"This book combines stylistic analysis with corpus linguistics to present an innovative account of the phenomenon of speech, writing and thought presentation - commonly referred to as 'speech reporting' or 'discourse presentation'. This new account is based on an extensive analysis of a quarter-of-a-million word electronic collection of written narrative texts, including both fiction and non-fiction. The book includes detailed discussions of: The construction of this corpus of late twentieth-century written British narratives taken from fiction, newspaper news reports and (auto)biographies The development of a manual annotation system for speech, writing and thought presentation and its application to the corpus. The findings of a quantitive and qualitative analysis of the forms and functions of speech, writing and thought presentation in the three genres represented in the corpus. The findings of the analysis of a range of specific phenomena, including hypothetical speech, writing and thought presentation, embedded speech, writing and thought presentation and ambiguities in speech, writing and thought presentation. Two case studies concentrating on specific texts from the corpus. Corpus Stylistics shows how stylistics, and text/discourse analysis more generally, can benefit from the use of a corpus methodology and the authors' innovative approach results in a more reliable and comprehensive categorisation of the forms of speech, writing and thought presentation than have been suggested so far. This book is essential reading for linguists interested in the areas of stylistics and corpus linguistics.

<div class=""comment"">
<p>This description was automatically added from 
<a href=""https://books.google.com/books?id=JK8VXK7QMNAC"">Google Books</a>. 
For a customized abstract or excerpt, add a note to the item in the 
<a href=""github.com/{{github}}/{{BASE_URL}}"">Zotero library</a></p>
</div>",,,,act_StylisticAnalysis; AnalyzeStatistically; act_StructuralAnalysis; AnalyzeQualitatively,,,,,,,,,,,,,,,,,,,,,,,,,,,,,,,,,,,,,,,,,,,,,,
QX5EPXP3,book,2016,,Stylometry Bibliography,,,,,https://www.zotero.org/groups/643516/,"The bibliography is based on contributions by Hugh Craig, Joseph Rudman, Patrick Juola as well as Mike Kestemont and Maciej Eder and has been curated by Christof Schöch. The scope of this bibliography is stylometry defined broadly as the quantitative analysis of literary style. There is a special focus on authorship attribution, but work in linguistic forensics and quantitative stylistics is also included. The scope is open with regard to time, place, type and language of publication. For more information, see: https://dragonfly.hypotheses.org/1093.",2016,2025-11-07 11:50:12,2025-11-07 11:50:12,,,,,,,,,,,,,Zotero,,,,,,,,,,"<div class=""comment"">
<p>This book needs an abstract or excerpt, and it doesn't have a Google Books description available to use. For a customized abstract or excerpt, add a note to the item in the 
<a href=""github.com/{{github}}/{{BASE_URL}}"">Zotero library</a></p>
</div>",,,,,"Schöch, Christof",,,,,,,,,,,,,,,,,,,,,,,,,,,,,,,,,,,,,,,,,,,,,
BLPSIYJM,book,2010,"Schmale, Wolfgang",Digitale Geschichtswissenschaft,,978-3-205-78553-8,,,http://www.boehlau-verlag.com/978-3-205-78553-8.html,"Digitale Geschichtswissenschaft ist mehr als nur der Einsatz digitaler Techniken und Medien, sie ist mehr als EDV, Web oder Internet. Sie eröffnet neue Forschungs- und Darstellungsmöglichkeiten, sie antwortet auf die liquiden Eigenschaften unserer gegenwärtigen Netzwerkzivilisation. Digitale Geschichtswissenschaft ersetzt dabei nicht die traditionelle monographische Geschichtswissenschaft, sondern verhilft dieser zu einer Renaissance im Feld der großen historischen Erzählung, die nicht obsolet ist. Digitale Geschichtswissenschaft gewinnt ihr Profil aus den vielfältigen Möglichkeiten der semantischen Techniken und der Forschungsvernetzung, sie stellt auch dem Nichthistoriker Techniken des Geschichtelernens von hoher Qualität zur Verfügung. Geschichte passiert auch im Netz - Geschichtswissenschaft wird wieder spannend.",2010,2025-11-07 11:50:12,2025-11-07 11:50:12,,,149,,,,,,,,,,Böhlau,Wien,de,,,,,,,,"<div class=""comment"">
<p>This book needs an abstract or excerpt, and it doesn't have a Google Books description available to use. For a customized abstract or excerpt, add a note to the item in the 
<a href=""github.com/{{github}}/{{BASE_URL}}"">Zotero library</a></p>
</div>",,,,meta_GiveOverview; obj_DigitalHumanities; X-CHECK,,,,,,,,,,,,,,,,,,,,,,,,,,,,,,,,,,,,,,,,,,,,,,
BRSH64T3,book,2010,,Eine kleine Enzyklopädie der digitalen Langzeitarchivierung,,,,,http://www.nestor.sub.uni-goettingen.de/handbuch/index.php,"nestor ist ein vom BMBF gefördertes Projekt zum Aufbau eines Kompetenznetzwerkes zur Langzeitarchivierung digitaler Objekte in Deutschland. Die nestor Informationsdatenbank ist Bestandteil eines Subject Gateways zu Fragen der Langzeitarchivierung digitaler Objekte., The project's objective is to create a network of expertise in digital preservation for Germany. The subject gateway offers informations on all topics of long time preservation of digital objects",2010,2025-11-07 11:50:12,2025-11-07 11:50:12,2012-09-16 17:50:03,,,,,,,,,,,,nestor,,de,"(c) 2004 Niedersächsische Staats- und Universitätsbibliothek Göttingen, Germany",,,,,,,"<div class=""comment"">
<p>This book needs an abstract or excerpt, and it doesn't have a Google Books description available to use. For a customized abstract or excerpt, add a note to the item in the 
<a href=""github.com/{{github}}/{{BASE_URL}}"">Zotero library</a></p>
</div>",,,,meta_GiveOverview; goal_Storage; act_Archiving; obj_Data; bigdata~,"Neuroth, HeikeKarsten; Huth, Karsten; Oßwald, Achim; Scheffel, Regine; Strathmann, Stefan",,,,,,,,,,,,,,,,,,,Versio 2.3,,,,,,,,,,,,,,,,,,,,,,,,,,
VXUQVP4W,book,2005,"Tennison, Jeni",Beginning XSLT 2.0: from novice to professional,,978-1-59059-324-0,,,,"This followup to Jeni Tennison's Beginning XSLT has been updated to accomodate the revised XSLT standard. Part one of this book introduces XML and XSLT at a comfortable pace, and gradually demonstrates techniques for generating HTML (plus other formats), from XML. In part two, Tennison applies theory to real-life XSLT capabilities - including generating graphics. Each chapter includes step-by-step examples, plus review questions at the end, to help you grasp the discussed features.",2005,2025-11-07 11:50:12,2025-11-07 11:50:12,,,824,,,,,Beginning XSLT 2.0,,,,,Apress ; Distributed to the book trade in the United States by Springer-Verlag,"Berkeley, CA : New York",en,,,,,,,,"Welcome Welcome to Beginning XSLT, a comprehensive introduction to the Extensible Stylesheet Language Transformations. Who is this Book For? This book introduces those with a little knowledge of markup languages (HTML, XML, etc.) to the exciting world of XSLT. No prior programming knowledge is assumed or needed. This is a beginning book, so we will aim to teach you everything you need to know from scratch. This book will be equally beneficial to designers and programmers alike. What's Covered in this Book This book is divided into two parts. The first part introduces XML and XSL T bit by bit, gradually demonstrating the techniques that you need to generate HTML (and other formats) from XML. The second part pulls the theory together by looking at some of the other things that you can do with XSLT, including generating formats other than HTML, pulling information out of a variety of XML formats, and validating XML.

<div class=""comment"">
<p>This description was automatically added from 
<a href=""https://books.google.com/books?id=JK8VXK7QMNAC"">Google Books</a>. 
For a customized abstract or excerpt, add a note to the item in the 
<a href=""github.com/{{github}}/{{BASE_URL}}"">Zotero library</a></p>
</div>",,,,act_Modeling,,,,,,,,,,,,,,,,,,,,,,,,,,,,,,,,,,,,,,,,,,,,,,
B47IGHHM,book,2008,"Piatti, Barbara","Die Geographie der Literatur : Schauplätze, Handlungsräume, Raumphantasien",,978-3-8353-0329-4,,,http://www.wallstein-verlag.de/9783835303294-barbara-piatti-die-geographie-der-literatur.html,"Konzepte einer künftigen Literaturgeographie, die literarische Schauplätze zum Ausgangspunkt der Textanalysen macht. Wo spielt Literatur? Die vermeintlich simple Frage eröffnet ein erst in Ansätzen etabliertes Forschungsgebiet mit neuen methodischen Zugängen unter dem Stichwort »Literaturgeographie«. Jede literarische Handlung ist irgendwo lokalisiert, wobei die Skala von gänzlich imaginären bis zu realistisch gezeichneten Schauplätzen mit hohem Wiedererkennungswert reicht. Die Literaturgeographie rückt die vielfältigen Bezugnahmen von Räumen der Fiktion auf den Realraum hin ins Zentrum der Aufmerksamkeit: Literatur weist eine spezifische Geographie auf, die ganz eigenen Regeln folgt. Denn fiktionale Räume sind niemals nur mimetische Abbilder der Realität, auch wenn sie sich auf existierende Landschaften und Städte beziehen. Vielmehr müssen die poetologischen Verfahren von Verfremdung, Überblendung, Neubenennung, die Kombinationsmöglichkeiten von realen Orten mit fiktiven Elementen in Visualisierungskonzepte und Deutungen der Textanalysen einfließen. Diese Theorie findet zunächst Anwendung auf eine an literarischen Schauplätzen überreiche Modellregion: auf den Vierwaldstättersee und das Gotthardmassiv in der Zentralschweiz. Im Anschluss wird der methodische Horizont für einen Literaturatlas aufgespannt - und das Potenzial literatur­geographischer Konzepte im Hinblick auf eine vergleichende europäische Literaturgeschichte aufgezeigt. 17 beigefügte vierfarbige Faltkarten ermöglichen die differenzierte Gegenüberstellung von fiktionalen und realen Landschaften.",2008,2025-11-07 11:50:12,2025-11-07 11:50:12,,,,,,,,Die Geographie der Literatur,,,,,Wallstein,Göttingen,de,,,,,,,,"Modellregion Vierwaldstättersee- und Gotthardgegend.

<div class=""comment"">
<p>This description was automatically added from 
<a href=""https://books.google.com/books?id=JK8VXK7QMNAC"">Google Books</a>. 
For a customized abstract or excerpt, add a note to the item in the 
<a href=""github.com/{{github}}/{{BASE_URL}}"">Zotero library</a></p>
</div>",,,,act_Visualizing; obj_Literature,,,,,,,,,,,,,,,,,,,,,,,,,,,,,,,,,,,,,,,,,,,,,,
67EA7TIQ,book,2013,"Vial, Stéphane, Lévy, Pierre",L'être et l'écran comment le numérique change la perception,,,,,,,2013,2025-11-07 11:50:12,2025-11-07 11:50:12,,,,,,,,,,,,,Presses universitaires de France,Paris,fr,,,,,,,,"<div class=""comment"">
<p>This book needs an abstract or excerpt, and it doesn't have a Google Books description available to use. For a customized abstract or excerpt, add a note to the item in the 
<a href=""github.com/{{github}}/{{BASE_URL}}"">Zotero library</a></p>
</div>",,,,,,,,,,,,,,,,,,,,,,,,,,,,,,,,,,,,,,,,,,,,,,,,,,
7ABBMQDJ,book,2013,"Sahle, Patrick","Digitale Editionsformen. Zum Umgang mit der Überlieferung unter den Bedingungen des Medienwandels. Teil 2: Befunde, Theorie und Methodik.",,978-3-8482-5252-7,,,http://kups.ub.uni-koeln.de/5352/,"Die neuen Technologien und Medien sind auch für die wissenschaftliche Edition eine Herausforderung. Die Entwicklung unterschiedlicher digitaler Ausgabeformen in den letzten Jahren kann zunächst als evolutionäre Abfolge verschiedener technischer Paradigmen beschrieben werden, die jeweils auch inhaltliche und methodische Konsequenzen hatten. Auf dieser Grundlage lassen sich Bausteine für eine neue verallgemeinernde Theorie der - nun digitalen - Edition umreißen, die ihren Kern u.a. im Konzept der Transmedialisierung findet. Damit ist nach der spezifischen Formung von Methode und Praxis in analogen und digitalen Medien eine Neufassung der Zielstellungen der Edition auf einer eher medienneutralen, konzeptionellen Ebene zu erreichen. Die veränderten Bedingungen und unsere zunehmend digitale Umwelt führen dazu, dass fast alle Bereiche der Edition einem Wandel unterworfen werden. Auch einige dieser Aspekte werden in diesem Band genauer beleuchtet.",2013,2025-11-07 11:50:12,2025-11-07 11:50:12,2014-02-09 12:48:57,,,,8,,,Digitale Editionsformen. Zum Umgang mit der Überlieferung unter den Bedingungen des Medienwandels. Teil 2,,,,,BoD,Norderstedt,de,,,,,,,,"<div class=""comment"">
<p>This book needs an abstract or excerpt, and it doesn't have a Google Books description available to use. For a customized abstract or excerpt, add a note to the item in the 
<a href=""github.com/{{github}}/{{BASE_URL}}"">Zotero library</a></p>
</div>",,,,,,,,,,,,,,,,,,,,,,,,,,,,,,,,,,,,,,,,,,,,,,,,,,
Q5DL5UFX,book,2011,"Ramsay, Stephen",Reading machines : toward an algorithmic criticism,,978-0-252-03641-5,,,http://www.press.uillinois.edu/books/catalog/75tms2pw9780252036415.html,"Computers can handle vast amounts of data, allowing for the comparison of texts in ways that were previously too overwhelming for individuals, but they may also assist in enhancing the entirely necessary role of subjectivity in critical interpretation. Reading Machines discusses the importance of this new form of text analysis conducted with the assistance of computers. Ramsay suggests that the rigidity of computation can be enlisted by intuition, subjectivity, and play.",2011,2025-11-07 11:50:12,2025-11-07 11:50:12,,,,,,,,Reading machines,,,,,University of Illinois Press,Urbana  Ill.,en,,,,,,,,"Besides familiar and now-commonplace tasks that computers do all the time, what else are they capable of? Stephen Ramsay's intriguing study of computational text analysis examines how computers can be used as ""reading machines"" to open up entirely new possibilities for literary critics. Computer-based text analysis has been employed for the past several decades as a way of searching, collating, and indexing texts. Despite this, the digital revolution has not penetrated the core activity of literary studies: interpretive analysis of written texts. Computers can handle vast amounts of data, allowing for the comparison of texts in ways that were previously too overwhelming for individuals, but they may also assist in enhancing the entirely necessary role of subjectivity in critical interpretation. Reading Machines discusses the importance of this new form of text analysis conducted with the assistance of computers. Ramsay suggests that the rigidity of computation can be enlisted in the project of intuition, subjectivity, and play.

<div class=""comment"">
<p>This description was automatically added from 
<a href=""https://books.google.com/books?id=JK8VXK7QMNAC"">Google Books</a>. 
For a customized abstract or excerpt, add a note to the item in the 
<a href=""github.com/{{github}}/{{BASE_URL}}"">Zotero library</a></p>
</div>",,,,AnalyzeQualitatively; bigdata; meta_Theorizing,,,,,,,,,,,,,,,,,,,,,,,,,,,,,,,,,,,,,,,,,,,,,,
WAMQHWW5,book,2006,"Shillingsburg, Peter",From Gutenberg to Google. Electronic Representations of Literary Texts,,978-0-521-86498-5,,,http://www.cambridge.org/us/academic/subjects/literature/printing-and-publishing-history/gutenberg-google-electronic-representations-literary-texts,"As technologies for electronic texts develop into ever more sophisticated engines for capturing different kinds of information, radical changes are underway in the way we write, transmit and read texts. In this thought-provoking work, Peter Shillingsburg considers the potentials and pitfalls, the enhancements and distortions, the achievements and inadequacies of electronic editions of literary texts. In tracing historical changes in the processes of composition, revision, production, distribution and reception, Shillingsburg reveals what is involved in the task of transferring texts from print to electronic media. He explores the potentials, some yet untapped, for electronic representations of printed works in ways that will make the electronic representation both more accurate and more rich than was ever possible with printed forms. However, he also keeps in mind the possible loss of the book as a material object and the negative consequences of technology.",2006,2025-11-07 11:50:12,2025-11-07 11:50:12,,,,,,,,,,,,,Cambridge Univ. Press,Cambridge,en,,,,,,,,"Peter Shillingsburg considers the potentials and pitfalls of electronic editions of literary texts. He reveals what is involved in the task of transferring texts from print to electronic media, which will produce great advances in textual study but may ultimately lead to the loss of the book as a material object.

<div class=""comment"">
<p>This description was automatically added from 
<a href=""https://books.google.com/books?id=JK8VXK7QMNAC"">Google Books</a>. 
For a customized abstract or excerpt, add a note to the item in the 
<a href=""github.com/{{github}}/{{BASE_URL}}"">Zotero library</a></p>
</div>",,,,act_Publishing; act_Annotating; obj_Text; obj_Literature; goal_Enrichment; t_Encoding; meta_Theorizing; act_Editing,,,,,,,,,,,,,,,,,,,,,,,,,,,,,,,,,,,,,,,,,,,,,,
88CMJ3UU,book,2004,,A Companion to Digital Humanities,,978-1-4051-0321-3,,,http://www.digitalhumanities.org/companion/,"This Companion offers a thorough, concise overview of the emerging field of humanities computing. Contains 37 original articles written by leaders in the field. Addresses the central concerns shared by those interested in the subject. Major sections focus on the experience of particular disciplines in applying computational methods to research problems; the basic principles of humanities computing; specific applications and methods; and production, dissemination and archiving. Accompanied by a website featuring supplementary materials, standard readings in the field and essays to be included in future editions of the Companion.",2004,2025-11-07 11:50:12,2025-11-07 11:50:12,2010-05-17 09:48:49,,,,,,,,Blackwell Companions to Literature and Culture,,,,Blackwell Publishing Professional,Oxford,en,,,,,,,,"This Companion offers a thorough, concise overview of the emerging field of humanities computing. Contains 37 original articles written by leaders in the field. Addresses the central concerns shared by those interested in the subject. Major sections focus on the experience of particular disciplines in applying computational methods to research problems; the basic principles of humanities computing; specific applications and methods; and production, dissemination and archiving. Accompanied by a website featuring supplementary materials, standard readings in the field and essays to be included in future editions of the Companion.

<div class=""comment"">
<p>This description was automatically added from 
<a href=""https://books.google.com/books?id=JK8VXK7QMNAC"">Google Books</a>. 
For a customized abstract or excerpt, add a note to the item in the 
<a href=""github.com/{{github}}/{{BASE_URL}}"">Zotero library</a></p>
</div>",,,,meta_GiveOverview; act_Publishing; X-CHECK; t_Encoding; *****; meta_Theorizing,"Siemens, Ray; Unsworth, John; Schreibman, Susan",,,,,,,,,,,,,,,,,,,Hardcover,,,,,,,,,,,,,,,,,,,,,,,,,,
KMKM4U6Q,book,2013,,Frontiers in Massive Data Analysis,,,,,http://www.nap.edu/catalog.php?record_id=18374,"Data mining of massive data sets is transforming the way we think about crisis response, marketing, entertainment, cybersecurity and national intelligence. Collections of documents, images, videos, and networks are being thought of not merely as bit strings to be stored, indexed, and retrieved, but as potential sources of discovery and knowledge, requiring sophisticated analysis techniques that go far beyond classical indexing and keyword counting, aiming to find relational and semantic interpretations of the phenomena underlying the data. Frontiers in Massive Data Analysis examines the frontier of analyzing massive amounts of data, whether in a static database or streaming through a system. Data at that scale--terabytes and petabytes--is increasingly common in science (e.g., particle physics, remote sensing, genomics), Internet commerce, business analytics, national security, communications, and elsewhere. The tools that work to infer knowledge from data at smaller scales do not necessarily work, or work well, at such massive scale. New tools, skills, and approaches are necessary, and this report identifies many of them, plus prom",,,,,,,,,,,,,,,,,,,,,,,,,,,,,,,,,,,,,,,,,,,,,,,,,,,,,,,,,,,,,,,,,,,,,,,,,,,,
